Country Code,Country Name,Health Expenditure,Life Expectancy,Number of Records,Year
AUS,Australia,223.592,71.068292683,1,1971
AUS,Australia,239.1784,71.457560976,1,1972
AUS,Australia,264.0303,71.846829268,1,1973
AUS,Australia,322.3286,72.236097561,1,1974
AUS,Australia,401.8512,72.625365854,1,1975
AUS,Australia,430.061,73.014634146,1,1976
AUS,Australia,472.8991,73.344390244,1,1977
AUS,Australia,510.7161,73.674146341,1,1978
AUS,Australia,554.7626,74.003902439,1,1979
AUS,Australia,615.7256,74.333658537,1,1980
AUS,Australia,697.3706,74.663414634,1,1981
AUS,Australia,731.9027,74.904878049,1,1982
AUS,Australia,773.4711,75.146341463,1,1983
AUS,Australia,817.2866,75.387804878,1,1984
AUS,Australia,881.2391,75.629268293,1,1985
AUS,Australia,941.1635,75.870731707,1,1986
AUS,Australia,981.6215,76.151707317,1,1987
AUS,Australia,1039.8854,76.432682927,1,1988
AUS,Australia,1091.3294,76.713658537,1,1989
AUS,Australia,1154.0445,76.994634146,1,1990
AUS,Australia,1229.3906,77.275609756,1,1991
AUS,Australia,1307.222,77.378048780,1,1992
AUS,Australia,1381.1135,77.878048780,1,1993
AUS,Australia,1470.8096,77.878048780,1,1994
AUS,Australia,1554.7982,77.829268293,1,1995
AUS,Australia,1645.0156,78.078048780,1,1996
AUS,Australia,1730.7444,78.480487805,1,1997
AUS,Australia,1858.2922,78.631707317,1,1998
AUS,Australia,1986.4928,78.931707317,1,1999
AUS,Australia,2156.808,79.234146341,1,2000
AUS,Australia,2271.4553,79.634146341,1,2001
AUS,Australia,2426.4793,79.936585366,1,2002
AUS,Australia,2546.2803,80.239024390,1,2003
AUS,Australia,2745.6316,80.490243902,1,2004
AUS,Australia,2842.1321,80.841463415,1,2005
AUS,Australia,3023.0978,81.041463415,1,2006
AUS,Australia,3196.226,81.292682927,1,2007
AUS,Australia,3310.1708,81.395121951,1,2008
AUS,Australia,3564.4049,81.543902439,1,2009
AUS,Australia,3607.3407,81.695121951,1,2010
AUS,Australia,3794.0874,81.895121951,1,2011
AUS,Australia,3807.6819,82.046341463,1,2012
AUS,Australia,4176.853,82.148780488,1,2013
AUS,Australia,4206.8516,82.251219512,1,2014
AUT,Austria,186.3145,69.914634146,1,1970
AUT,Austria,201.9619,70.114634146,1,1971
AUT,Austria,222.2858,70.463414634,1,1972
AUT,Austria,249.2017,71.014634146,1,1973
AUT,Austria,295.0659,71.012195122,1,1974
AUT,Austria,412.0627,71.114634146,1,1975
AUT,Austria,471.7179,71.565853659,1,1976
AUT,Austria,521.641,71.914634146,1,1977
AUT,Austria,579.8399,72.012195122,1,1978
AUT,Austria,660.0909,72.312195122,1,1979
AUT,Austria,742.5189,72.463414634,1,1980
AUT,Austria,693.6662,72.812195122,1,1981
AUT,Austria,747.8722,72.960975610,1,1982
AUT,Austria,779.4923,73.012195122,1,1983
AUT,Austria,814.0641,73.612195122,1,1984
AUT,Austria,879.5659,73.814634146,1,1985
AUT,Austria,933.7634,74.317073171,1,1986
AUT,Austria,1015.9254,74.768292683,1,1987
AUT,Austria,1083.2472,75.217073171,1,1988
AUT,Austria,1189.9067,75.265853659,1,1989
AUT,Austria,1507.933,75.568292683,1,1990
AUT,Austria,1608.9806,75.617073171,1,1991
AUT,Austria,1724.7343,75.817073171,1,1992
AUT,Austria,1874.6122,76.068292683,1,1993
AUT,Austria,2041.3374,76.419512195,1,1994
AUT,Austria,2120.4786,76.668292683,1,1995
AUT,Austria,2188.0253,76.870731707,1,1996
AUT,Austria,2298.8535,77.319512195,1,1997
AUT,Austria,2452.2438,77.670731707,1,1998
AUT,Austria,2587.061,77.875609756,1,1999
AUT,Austria,2726.4305,78.126829268,1,2000
AUT,Austria,2772.9361,78.575609756,1,2001
AUT,Austria,2942.5631,78.678048780,1,2002
AUT,Austria,3085.9336,78.631707317,1,2003
AUT,Austria,3260.8522,79.180487805,1,2004
AUT,Austria,3324.0795,79.331707317,1,2005
AUT,Austria,3567.6495,79.880487805,1,2006
AUT,Austria,3718.739,80.180487805,1,2007
AUT,Austria,3964.8495,80.431707317,1,2008
AUT,Austria,4119.7452,80.331707317,1,2009
AUT,Austria,4236.3164,80.580487805,1,2010
AUT,Austria,4362.3426,80.982926829,1,2011
AUT,Austria,4646.4365,80.936585366,1,2012
AUT,Austria,4806.3934,81.136585366,1,2013
AUT,Austria,4895.9992,81.336585366,1,2014
BEL,Belgium,151.4503,70.971951220,1,1970
BEL,Belgium,168.5058,71.060487805,1,1971
BEL,Belgium,191.5558,71.405121951,1,1972
BEL,Belgium,228.2962,71.635365854,1,1973
BEL,Belgium,262.2699,71.985853659,1,1974
BEL,Belgium,352.0285,71.971219512,1,1975
BEL,Belgium,406.3051,72.119756098,1,1976
BEL,Belgium,469.1313,72.773902439,1,1977
BEL,Belgium,531.6262,72.698048780,1,1978
BEL,Belgium,586.8149,73.193658537,1,1979
BEL,Belgium,645.0063,73.207073171,1,1980
BEL,Belgium,750.4773,73.621707317,1,1981
BEL,Belgium,829.7761,73.888048780,1,1982
BEL,Belgium,886.4823,73.869024390,1,1983
BEL,Belgium,919.2787,74.404878049,1,1984
BEL,Belgium,971.0915,74.520243902,1,1985
BEL,Belgium,1033.5016,74.731707317,1,1986
BEL,Belgium,1099.8816,75.365853659,1,1987
BEL,Belgium,1188.2074,75.565853659,1,1988
BEL,Belgium,1262.5005,75.632682927,1,1989
BEL,Belgium,1354.4443,76.051951220,1,1990
BEL,Belgium,1481.8642,76.192195122,1,1991
BEL,Belgium,1569.6355,76.351219512,1,1992
BEL,Belgium,1611.0269,76.345365854,1,1993
BEL,Belgium,1648.9681,76.691707317,1,1994
BEL,Belgium,1710.4518,76.840731707,1,1995
BEL,Belgium,1804.5439,77.187317073,1,1996
BEL,Belgium,1849.8923,77.370731707,1,1997
BEL,Belgium,1920.7638,77.473170732,1,1998
BEL,Belgium,2047.9187,77.619512195,1,1999
BEL,Belgium,2245.8634,77.721951220,1,2000
BEL,Belgium,2366.5965,77.973170732,1,2001
BEL,Belgium,2542.4562,78.075609756,1,2002
BEL,Belgium,2822.6807,78.129268293,1,2003
BEL,Belgium,2913.2791,78.878048780,1,2004
BEL,Belgium,2985.8089,78.980487805,1,2005
BEL,Belgium,3136.9155,79.380487805,1,2006
BEL,Belgium,3286.2254,79.782926829,1,2007
BEL,Belgium,3542.3542,79.680487805,1,2008
BEL,Belgium,3804.7643,79.982926829,1,2009
BEL,Belgium,3901.9126,80.182926829,1,2010
BEL,Belgium,4132.3109,80.585365854,1,2011
BEL,Belgium,4286.4123,80.385365854,1,2012
BEL,Belgium,4485.4804,80.587804878,1,2013
BEL,Belgium,4522.045,80.587804878,1,2014
CAN,Canada,287.4771,72.700487805,1,1970
CAN,Canada,324.0512,73.029268293,1,1971
CAN,Canada,347.9395,72.933902439,1,1972
CAN,Canada,368.6198,73.162682927,1,1973
CAN,Canada,403.0845,73.237560976,1,1974
CAN,Canada,474.4168,73.521707317,1,1975
CAN,Canada,522.4715,73.856097561,1,1976
CAN,Canada,565.5264,74.215609756,1,1977
CAN,Canada,620.3476,74.529756098,1,1978
CAN,Canada,678.4152,74.866341463,1,1979
CAN,Canada,766.2398,75.078048780,1,1980
CAN,Canada,882.5133,75.478536585,1,1981
CAN,Canada,993.885,75.680487805,1,1982
CAN,Canada,1073.7424,76.036341463,1,1983
CAN,Canada,1149.5639,76.317560976,1,1984
CAN,Canada,1232.7336,76.303414634,1,1985
CAN,Canada,1312.9797,76.44,1,1986
CAN,Canada,1372.9816,76.739512195,1,1987
CAN,Canada,1464.7584,76.809268293,1,1988
CAN,Canada,1570.801,77.065609756,1,1989
CAN,Canada,1691.9502,77.377073171,1,1990
CAN,Canada,1828.6897,77.553414634,1,1991
CAN,Canada,1916.4154,77.320731707,1,1992
CAN,Canada,1966.955,77.685121951,1,1993
CAN,Canada,1997.0656,77.861951220,1,1994
CAN,Canada,2001.2318,77.977560976,1,1995
CAN,Canada,2001.8672,78.230487805,1,1996
CAN,Canada,2097.9041,78.480487805,1,1997
CAN,Canada,2245.9346,78.662439024,1,1998
CAN,Canada,2318.9571,78.882926829,1,1999
CAN,Canada,2422.0817,79.236585366,1,2000
CAN,Canada,2609.2285,79.487804878,1,2001
CAN,Canada,2742.4513,79.590243902,1,2002
CAN,Canada,2913.6997,79.839024390,1,2003
CAN,Canada,3076.0005,80.141463415,1,2004
CAN,Canada,3282.4541,80.292682927,1,2005
CAN,Canada,3505.0061,80.418780488,1,2006
CAN,Canada,3675.4766,80.634390244,1,2007
CAN,Canada,3822.6386,80.825365854,1,2008
CAN,Canada,4108.7578,81.111463415,1,2009
CAN,Canada,4242.3395,81.412926829,1,2010
CAN,Canada,4263.4169,81.349292683,1,2011
CAN,Canada,4319.9434,81.562439024,1,2012
CAN,Canada,4502.7427,81.765048780,1,2013
CAN,Canada,4491.7648,81.956609756,1,2014
CHE,Switzerland,345.3678,73.020243902,1,1970
CHE,Switzerland,392.4962,73.130731707,1,1971
CHE,Switzerland,416.6092,73.644390244,1,1972
CHE,Switzerland,455.9513,73.940975610,1,1973
CHE,Switzerland,535.5791,74.287073171,1,1974
CHE,Switzerland,618.5619,74.665609756,1,1975
CHE,Switzerland,669.7635,74.785365854,1,1976
CHE,Switzerland,730.4875,75.238048780,1,1977
CHE,Switzerland,786.1328,75.187317073,1,1978
CHE,Switzerland,882.7052,75.466097561,1,1979
CHE,Switzerland,1007.6518,75.459268293,1,1980
CHE,Switzerland,1123.2798,75.693170732,1,1981
CHE,Switzerland,1194.4246,76.033902439,1,1982
CHE,Switzerland,1310.4866,76.031219512,1,1983
CHE,Switzerland,1346.3352,76.608536585,1,1984
CHE,Switzerland,1434.7317,76.733658537,1,1985
CHE,Switzerland,1519.943,76.899024390,1,1986
CHE,Switzerland,1618.5075,77.197560976,1,1987
CHE,Switzerland,1728.7078,77.226585366,1,1988
CHE,Switzerland,1864.637,77.421219512,1,1989
CHE,Switzerland,1968.0406,77.242439024,1,1990
CHE,Switzerland,2152.7988,77.514634146,1,1991
CHE,Switzerland,2277.882,77.806097561,1,1992
CHE,Switzerland,2329.2126,78.085365854,1,1993
CHE,Switzerland,2411.0169,78.35,1,1994
CHE,Switzerland,2561.8827,78.417073171,1,1995
CHE,Switzerland,2729.1252,78.896097561,1,1996
CHE,Switzerland,2840.3597,79.079512195,1,1997
CHE,Switzerland,2977.7701,79.324390244,1,1998
CHE,Switzerland,3073.2264,79.580487805,1,1999
CHE,Switzerland,3221.7795,79.680487805,1,2000
CHE,Switzerland,3429.1233,80.180487805,1,2001
CHE,Switzerland,3672.9233,80.385365854,1,2002
CHE,Switzerland,3785.126,80.536585366,1,2003
CHE,Switzerland,3935.8776,81.087804878,1,2004
CHE,Switzerland,4015.3331,81.236585366,1,2005
CHE,Switzerland,4251.3673,81.490243902,1,2006
CHE,Switzerland,4567.3285,81.741463415,1,2007
CHE,Switzerland,4933.1,81.992682927,1,2008
CHE,Switzerland,5183.952,82.043902439,1,2009
CHE,Switzerland,5371.4504,82.246341463,1,2010
CHE,Switzerland,5787.6672,82.695121951,1,2011
CHE,Switzerland,6288.6475,82.697560976,1,2012
CHE,Switzerland,6635.2769,82.797560976,1,2013
CHE,Switzerland,6786.5657,82.848780488,1,2014
CHL,Chile,386.4554,74.830390244,1,1995
CHL,Chile,457.4692,75.241609756,1,1996
CHL,Chile,502.2545,75.646365854,1,1997
CHL,Chile,562.7385,76.044658537,1,1998
CHL,Chile,575.2054,76.435975610,1,1999
CHL,Chile,610.4082,76.820829268,1,2000
CHL,Chile,648.7998,77.198707317,1,2001
CHL,Chile,668.9071,77.569585366,1,2002
CHL,Chile,783.3854,77.932975610,1,2003
CHL,Chile,803.8802,78.289390244,1,2004
CHL,Chile,837.7758,78.638292683,1,2005
CHL,Chile,936.2072,78.979170732,1,2006
CHL,Chile,1031.0343,79.313536585,1,2007
CHL,Chile,1097.2873,79.640902439,1,2008
CHL,Chile,1150.0554,79.960804878,1,2009
CHL,Chile,1219.6509,80.275804878,1,2010
CHL,Chile,1358.1965,80.586975610,1,2011
CHL,Chile,1485.319,80.894853659,1,2012
CHL,Chile,1558.4465,81.197926829,1,2013
CHL,Chile,1688.5233,81.496195122,1,2014
CZE,Czech Republic,476.9631,71.383902439,1,1990
CZE,Czech Republic,452.5691,71.898292683,1,1991
CZE,Czech Republic,474.7148,72.271707317,1,1992
CZE,Czech Republic,650.6677,72.767804878,1,1993
CZE,Czech Republic,704.2931,72.972682927,1,1994
CZE,Czech Republic,795.1116,73.074878049,1,1995
CZE,Czech Republic,827.8918,73.714634146,1,1996
CZE,Czech Republic,841.0002,73.824878049,1,1997
CZE,Czech Republic,842.7366,74.514634146,1,1998
CZE,Czech Republic,893.9575,74.668292683,1,1999
CZE,Czech Republic,933.6127,74.968292683,1,2000
CZE,Czech Republic,1041.4699,75.173170732,1,2001
CZE,Czech Republic,1138.5076,75.221951220,1,2002
CZE,Czech Republic,1289.5129,75.170731707,1,2003
CZE,Czech Republic,1342.0659,75.721951220,1,2004
CZE,Czech Republic,1425.1388,75.924390244,1,2005
CZE,Czech Republic,1514.1975,76.524390244,1,2006
CZE,Czech Republic,1608.5877,76.724390244,1,2007
CZE,Czech Republic,1727.9885,76.975609756,1,2008
CZE,Czech Republic,1974.0369,77.078048780,1,2009
CZE,Czech Republic,1879.5815,77.424390244,1,2010
CZE,Czech Republic,2001.2635,77.873170732,1,2011
CZE,Czech Republic,2028.2657,78.075609756,1,2012
CZE,Czech Republic,2330.4702,78.175609756,1,2013
CZE,Czech Republic,2386.3385,78.275609756,1,2014
DEU,Germany,258.1594,70.639780488,1,1970
DEU,Germany,302.1459,70.742878049,1,1971
DEU,Germany,343.7003,70.867,1,1972
DEU,Germany,396.4314,71.016682927,1,1973
DEU,Germany,468.7214,71.195414634,1,1974
DEU,Germany,555.566,71.401731707,1,1975
DEU,Germany,619.4491,71.634146341,1,1976
DEU,Germany,675.8422,71.883682927,1,1977
DEU,Germany,752.8158,72.142804878,1,1978
DEU,Germany,832.6286,72.408536585,1,1979
DEU,Germany,941.1213,72.677902439,1,1980
DEU,Germany,1070.3393,72.952390244,1,1981
DEU,Germany,1110.4089,73.230975610,1,1982
DEU,Germany,1175.1552,73.512146341,1,1983
DEU,Germany,1274.0643,73.792853659,1,1984
DEU,Germany,1372.0026,74.064536585,1,1985
DEU,Germany,1412.8683,74.321634146,1,1986
DEU,Germany,1484.8339,74.559609756,1,1987
DEU,Germany,1620.0093,74.778951220,1,1988
DEU,Germany,1609.1452,74.982682927,1,1989
DEU,Germany,1721.5143,75.177365854,1,1990
DEU,Germany,1907.9949,75.819512195,1,1992
DEU,Germany,1915.2877,75.870731707,1,1993
DEU,Germany,2049.6612,76.270731707,1,1994
DEU,Germany,2185.1405,76.421951220,1,1995
DEU,Germany,2312.0275,76.673170732,1,1996
DEU,Germany,2335.1543,77.073170732,1,1997
DEU,Germany,2405.8643,77.475609756,1,1998
DEU,Germany,2512.7486,77.726829268,1,1999
DEU,Germany,2612.5703,77.926829268,1,2000
DEU,Germany,2730.1828,78.329268293,1,2001
DEU,Germany,2869.9629,78.229268293,1,2002
DEU,Germany,3033.0953,78.380487805,1,2003
DEU,Germany,3099.7712,78.680487805,1,2004
DEU,Germany,3297.0591,78.931707317,1,2005
DEU,Germany,3502.6909,79.131707317,1,2006
DEU,Germany,3660.9349,79.534146341,1,2007
DEU,Germany,3901.418,79.736585366,1,2008
DEU,Germany,4130.7969,79.836585366,1,2009
DEU,Germany,4358.6128,79.987804878,1,2010
DEU,Germany,4510.1751,80.741463415,1,2011
DEU,Germany,4694.681,80.892682927,1,2012
DEU,Germany,4921.8139,80.843902439,1,2013
DEU,Germany,5119.2146,80.843902439,1,2014
DNK,Denmark,364.5805,73.414634146,1,1971
DNK,Denmark,397.7483,73.439024390,1,1972
DNK,Denmark,421.208,73.682195122,1,1973
DNK,Denmark,494.7508,73.808292683,1,1974
DNK,Denmark,547.0066,74.075121951,1,1975
DNK,Denmark,602.9201,73.739756098,1,1976
DNK,Denmark,635.8864,74.632439024,1,1977
DNK,Denmark,703.1093,74.392926829,1,1978
DNK,Denmark,797.9974,74.219268293,1,1979
DNK,Denmark,861.222,74.101707317,1,1980
DNK,Denmark,955.3799,74.230487805,1,1981
DNK,Denmark,1059.2843,74.551219512,1,1982
DNK,Denmark,1103.22,74.420487805,1,1983
DNK,Denmark,1127.0169,74.562195122,1,1984
DNK,Denmark,1205.5467,74.427560976,1,1985
DNK,Denmark,1249.5682,74.579756098,1,1986
DNK,Denmark,1335.6857,74.691219512,1,1987
DNK,Denmark,1405.2498,74.771707317,1,1988
DNK,Denmark,1445.2483,74.799756098,1,1989
DNK,Denmark,1510.6198,74.805365854,1,1990
DNK,Denmark,1559.0867,75.157804878,1,1991
DNK,Denmark,1623.3337,75.194146341,1,1992
DNK,Denmark,1724.5152,75.116829268,1,1993
DNK,Denmark,1802.2229,75.375121951,1,1994
DNK,Denmark,1814.5633,75.212682927,1,1995
DNK,Denmark,1916.8516,75.591463415,1,1996
DNK,Denmark,1990.2833,75.945121951,1,1997
DNK,Denmark,2009.4111,76.139024390,1,1998
DNK,Denmark,2297.6172,76.341463415,1,1999
DNK,Denmark,2395.5167,76.592682927,1,2000
DNK,Denmark,2555.382,76.792682927,1,2001
DNK,Denmark,2749.7927,76.895121951,1,2002
DNK,Denmark,2784.0652,77.143902439,1,2003
DNK,Denmark,2986.9486,77.492682927,1,2004
DNK,Denmark,3096.9831,77.843902439,1,2005
DNK,Denmark,3406.8102,78.095121951,1,2006
DNK,Denmark,3605.2153,78.195121951,1,2007
DNK,Denmark,3892.7375,78.446341463,1,2008
DNK,Denmark,4247.8819,78.597560976,1,2009
DNK,Denmark,4370.3331,79.1,1,2010
DNK,Denmark,4430.6885,79.8,1,2011
DNK,Denmark,4544.8568,80.051219512,1,2012
DNK,Denmark,4708.1321,80.3,1,2013
DNK,Denmark,4857.0285,80.548780488,1,2014
ESP,Spain,88.5521,72.027317073,1,1970
ESP,Spain,109.7235,71.630243902,1,1971
ESP,Spain,129.4614,72.818048780,1,1972
ESP,Spain,142.6334,72.610731707,1,1973
ESP,Spain,177.0384,72.969756098,1,1974
ESP,Spain,200.2777,73.318780488,1,1975
ESP,Spain,240.2397,73.642682927,1,1976
ESP,Spain,273.0869,74.131951220,1,1977
ESP,Spain,294.7268,74.295609756,1,1978
ESP,Spain,313.0721,74.818780488,1,1979
ESP,Spain,351.2603,75.349268293,1,1980
ESP,Spain,390.9626,75.528536585,1,1981
ESP,Spain,425.6855,76.134146341,1,1982
ESP,Spain,461.2502,75.909024390,1,1983
ESP,Spain,467.168,76.295365854,1,1984
ESP,Spain,480.4681,76.259512195,1,1985
ESP,Spain,500.6476,76.510487805,1,1986
ESP,Spain,548.0774,76.728048780,1,1987
ESP,Spain,661.5783,76.747073171,1,1988
ESP,Spain,734.8665,76.813658537,1,1989
ESP,Spain,835.3369,76.837560976,1,1990
ESP,Spain,910.1406,76.971219512,1,1991
ESP,Spain,992.3218,77.41,1,1992
ESP,Spain,1048.008,77.546585366,1,1993
ESP,Spain,1081.2951,77.901463415,1,1994
ESP,Spain,1157.1153,77.980731707,1,1995
ESP,Spain,1215.5878,78.120487805,1,1996
ESP,Spain,1263.021,78.604146341,1,1997
ESP,Spain,1340.5293,78.665853659,1,1998
ESP,Spain,1406.4495,78.717073171,1,1999
ESP,Spain,1490.642,78.965853659,1,2000
ESP,Spain,1574.9689,79.368292683,1,2001
ESP,Spain,1677.5396,79.568292683,1,2002
ESP,Spain,1907.9302,79.619512195,1,2003
ESP,Spain,2014.3386,79.870731707,1,2004
ESP,Spain,2139.3333,80.170731707,1,2005
ESP,Spain,2393.3068,80.821951220,1,2006
ESP,Spain,2570.706,80.873170732,1,2007
ESP,Spain,2795.8694,81.175609756,1,2008
ESP,Spain,2944.6196,81.475609756,1,2009
ESP,Spain,2917.9495,81.626829268,1,2010
ESP,Spain,2956.7857,82.475609756,1,2011
ESP,Spain,2929.3567,82.426829268,1,2012
ESP,Spain,2952.175,83.078048780,1,2013
ESP,Spain,3053.0745,83.078048780,1,2014
EST,Estonia,497.1219,70.063414634,1,1999
EST,Estonia,501.3152,70.417073171,1,2000
EST,Estonia,505.0559,70.258536585,1,2001
EST,Estonia,558.7273,70.904878049,1,2002
EST,Estonia,646.7045,71.317073171,1,2003
EST,Estonia,746.8322,71.909756098,1,2004
EST,Estonia,820.7244,72.568292683,1,2005
EST,Estonia,949.1905,72.691463415,1,2006
EST,Estonia,1098.0087,72.814634146,1,2007
EST,Estonia,1284.4079,73.770731707,1,2008
EST,Estonia,1319.5699,74.824390244,1,2009
EST,Estonia,1334.1851,75.429268293,1,2010
EST,Estonia,1392.1765,76.229268293,1,2011
EST,Estonia,1502.9345,76.326829268,1,2012
EST,Estonia,1623.1936,77.141463415,1,2013
EST,Estonia,1724.51,77.239024390,1,2014
FIN,Finland,166.9996,70.179512195,1,1970
FIN,Finland,190.1923,70.017560976,1,1971
FIN,Finland,216.3275,70.707317073,1,1972
FIN,Finland,235.8708,71.223658537,1,1973
FIN,Finland,260.8435,71.134878049,1,1974
FIN,Finland,315.7781,71.673658537,1,1975
FIN,Finland,353.2043,71.812926829,1,1976
FIN,Finland,387.709,72.350243902,1,1977
FIN,Finland,421.6848,72.897073171,1,1978
FIN,Finland,476.0903,73.155365854,1,1979
FIN,Finland,538.641,73.44,1,1980
FIN,Finland,606.4913,73.746585366,1,1981
FIN,Finland,670.5173,74.298048780,1,1982
FIN,Finland,724.6794,74.200975610,1,1983
FIN,Finland,775.8805,74.519024390,1,1984
FIN,Finland,877.3167,74.222926829,1,1985
FIN,Finland,930.1548,74.56,1,1986
FIN,Finland,1005.4197,74.591951220,1,1987
FIN,Finland,1061.1596,74.577073171,1,1988
FIN,Finland,1161.1685,74.792195122,1,1989
FIN,Finland,1297.9226,74.813170732,1,1990
FIN,Finland,1439.3798,75.227560976,1,1991
FIN,Finland,1449.2851,75.455365854,1,1992
FIN,Finland,1347.9213,75.705121951,1,1993
FIN,Finland,1325.3603,76.395609756,1,1994
FIN,Finland,1418.182,76.409512195,1,1995
FIN,Finland,1481.5893,76.693414634,1,1996
FIN,Finland,1538.6158,76.878536585,1,1997
FIN,Finland,1587.6046,77.090731707,1,1998
FIN,Finland,1665.5525,77.291219512,1,1999
FIN,Finland,1816.4327,77.465853659,1,2000
FIN,Finland,1930.9554,77.965853659,1,2001
FIN,Finland,2100.2576,78.119512195,1,2002
FIN,Finland,2219.4643,78.368292683,1,2003
FIN,Finland,2432.1462,78.714634146,1,2004
FIN,Finland,2571.3738,78.817073171,1,2005
FIN,Finland,2768.6527,79.214634146,1,2006
FIN,Finland,2941.9571,79.263414634,1,2007
FIN,Finland,3218.1337,79.568292683,1,2008
FIN,Finland,3336.3316,79.719512195,1,2009
FIN,Finland,3403.1108,79.870731707,1,2010
FIN,Finland,3605.807,80.470731707,1,2011
FIN,Finland,3758.9973,80.626829268,1,2012
FIN,Finland,3890.7877,80.975609756,1,2013
FIN,Finland,3870.4,81.129268293,1,2014
FRA,France,191.8218,71.658536585,1,1970
FRA,France,362.5645,72.853658537,1,1975
FRA,France,649.5386,74.051219512,1,1980
FRA,France,1004.0484,75.3,1,1985
FRA,France,1401.3391,76.6,1,1990
FRA,France,1496.4002,76.848780488,1,1991
FRA,France,1589.4552,77.1,1,1992
FRA,France,1688.2812,77.3,1,1993
FRA,France,1755.1099,77.648780488,1,1994
FRA,France,2037.6149,77.751219512,1,1995
FRA,France,2097.941,77.953658537,1,1996
FRA,France,2162.0783,78.304878049,1,1997
FRA,France,2246.3048,78.604878049,1,1998
FRA,France,2336.1787,78.756097561,1,1999
FRA,France,2484.1715,79.056097561,1,2000
FRA,France,2657.6867,79.158536585,1,2001
FRA,France,2852.5993,79.260975610,1,2002
FRA,France,2828.4727,79.114634146,1,2003
FRA,France,2946.9832,80.163414634,1,2004
FRA,France,3100.9237,80.163414634,1,2005
FRA,France,3253.9671,80.812195122,1,2006
FRA,France,3407.1091,81.112195122,1,2007
FRA,France,3562.5456,81.214634146,1,2008
FRA,France,3774.2044,81.414634146,1,2009
FRA,France,3859.5252,81.663414634,1,2010
FRA,France,4010.3139,82.114634146,1,2011
FRA,France,4062.9108,81.968292683,1,2012
FRA,France,4292.1762,82.219512195,1,2013
FRA,France,4366.9864,82.373170732,1,2014
GBR,United Kingdom,147.8857,71.973170732,1,1970
GBR,United Kingdom,162.0258,72.273170732,1,1971
GBR,United Kingdom,178.6712,72.124390244,1,1972
GBR,United Kingdom,196.9693,72.324390244,1,1973
GBR,United Kingdom,241.7809,72.524390244,1,1974
GBR,United Kingdom,276.1247,72.724390244,1,1975
GBR,United Kingdom,301.1445,72.775609756,1,1976
GBR,United Kingdom,321.4011,73.224390244,1,1977
GBR,United Kingdom,354.6131,73.175609756,1,1978
GBR,United Kingdom,392.8186,73.275609756,1,1979
GBR,United Kingdom,446.9553,73.675609756,1,1980
GBR,United Kingdom,505.5757,74.026829268,1,1981
GBR,United Kingdom,531.47,74.178048780,1,1982
GBR,United Kingdom,597.8042,74.378048780,1,1983
GBR,United Kingdom,622.0385,74.778048780,1,1984
GBR,United Kingdom,654.4169,74.629268293,1,1985
GBR,United Kingdom,685.1712,74.929268293,1,1986
GBR,United Kingdom,747.8186,75.280487805,1,1987
GBR,United Kingdom,803.8776,75.380487805,1,1988
GBR,United Kingdom,845.3638,75.582926829,1,1989
GBR,United Kingdom,887.939,75.880487805,1,1990
GBR,United Kingdom,973.4494,76.082926829,1,1991
GBR,United Kingdom,1078.9976,76.434146341,1,1992
GBR,United Kingdom,1144.029,76.385365854,1,1993
GBR,United Kingdom,1227.6224,76.885365854,1,1994
GBR,United Kingdom,1273.7345,76.836585366,1,1995
GBR,United Kingdom,1351.1875,77.087804878,1,1996
GBR,United Kingdom,1398.7175,77.210975610,1,1997
GBR,United Kingdom,1470.5883,77.190243902,1,1998
GBR,United Kingdom,1573.5414,77.390243902,1,1999
GBR,United Kingdom,1718.608,77.741463415,1,2000
GBR,United Kingdom,1901.332,77.992682927,1,2001
GBR,United Kingdom,2060.468,78.143902439,1,2002
GBR,United Kingdom,2211.542,78.446341463,1,2003
GBR,United Kingdom,2412.166,78.746341463,1,2004
GBR,United Kingdom,2568.468,79.048780488,1,2005
GBR,United Kingdom,2784.489,79.248780488,1,2006
GBR,United Kingdom,2862.43,79.448780488,1,2007
GBR,United Kingdom,2971.154,79.6,1,2008
GBR,United Kingdom,3150.239,80.051219512,1,2009
GBR,United Kingdom,3036.12,80.402439024,1,2010
GBR,United Kingdom,3087.306,80.951219512,1,2011
GBR,United Kingdom,3191.936,80.904878049,1,2012
GBR,United Kingdom,3881.09,81.004878049,1,2013
GBR,United Kingdom,3971.394,81.056097561,1,2014
GRC,Greece,660.1681,75.900658537,1,1988
GRC,Greece,776.5848,76.687804878,1,1989
GRC,Greece,804.2656,76.939024390,1,1990
GRC,Greece,826.0974,77.136585366,1,1991
GRC,Greece,923.8069,77.382926829,1,1992
GRC,Greece,1038.1708,77.390243902,1,1993
GRC,Greece,1180.6036,77.639024390,1,1994
GRC,Greece,1224.2709,77.585365854,1,1995
GRC,Greece,1263.2468,77.685365854,1,1996
GRC,Greece,1312.5507,78.136585366,1,1997
GRC,Greece,1336.0581,77.839024390,1,1998
GRC,Greece,1417.803,77.987804878,1,1999
GRC,Greece,1396.9074,77.887804878,1,2000
GRC,Greece,1669.485,78.387804878,1,2001
GRC,Greece,1870.597,78.641463415,1,2002
GRC,Greece,1951.7097,78.841463415,1,2003
GRC,Greece,2016.8191,79.039024390,1,2004
GRC,Greece,2284.7933,79.239024390,1,2005
GRC,Greece,2534.7392,79.439024390,1,2006
GRC,Greece,2655.2171,79.439024390,1,2007
GRC,Greece,3040.9909,79.939024390,1,2008
GRC,Greece,2990.8342,80.187804878,1,2009
GRC,Greece,2855.3382,80.387804878,1,2010
GRC,Greece,2520.6318,80.731707317,1,2011
GRC,Greece,2324.2907,80.634146341,1,2012
GRC,Greece,2339.7827,81.285365854,1,2013
GRC,Greece,2220.1065,81.285365854,1,2014
HUN,Hungary,527.1463,69.377073171,1,1991
HUN,Hungary,563.0027,69.117073171,1,1992
HUN,Hungary,579.1982,69.101219512,1,1993
HUN,Hungary,651.6828,69.469756098,1,1994
HUN,Hungary,615.7181,69.791707317,1,1995
HUN,Hungary,626.6279,70.328780488,1,1996
HUN,Hungary,635.5987,70.702439024,1,1997
HUN,Hungary,720.3452,70.557804878,1,1998
HUN,Hungary,774.2847,70.677073171,1,1999
HUN,Hungary,819.9948,71.246341463,1,2000
HUN,Hungary,933.1557,72.248780488,1,2001
HUN,Hungary,1063.7962,72.348780488,1,2002
HUN,Hungary,1274.4898,72.3,1,2003
HUN,Hungary,1283.0384,72.648780488,1,2004
HUN,Hungary,1390.8337,72.648780488,1,2005
HUN,Hungary,1463.2271,73.097560976,1,2006
HUN,Hungary,1404.1231,73.151219512,1,2007
HUN,Hungary,1486.7085,73.702439024,1,2008
HUN,Hungary,1521.631,73.904878049,1,2009
HUN,Hungary,1632.9071,74.207317073,1,2010
HUN,Hungary,1715.3205,74.858536585,1,2011
HUN,Hungary,1703.9905,75.063414634,1,2012
HUN,Hungary,1755.5419,75.565853659,1,2013
HUN,Hungary,1796.6034,75.873170732,1,2014
IRL,Ireland,117.4883,70.996219512,1,1970
IRL,Ireland,149.6294,71.081365854,1,1971
IRL,Ireland,165.6653,71.174585366,1,1972
IRL,Ireland,184.1551,71.280878049,1,1973
IRL,Ireland,222.4788,71.403292683,1,1974
IRL,Ireland,256.0463,71.546292683,1,1975
IRL,Ireland,263.3362,71.712878049,1,1976
IRL,Ireland,284.5484,71.900048780,1,1977
IRL,Ireland,338.8649,72.104756098,1,1978
IRL,Ireland,392.5665,72.323024390,1,1979
IRL,Ireland,481.1329,72.549365854,1,1980
IRL,Ireland,508.173,72.777780488,1,1981
IRL,Ireland,535.7402,73.003780488,1,1982
IRL,Ireland,553.5759,73.222390244,1,1983
IRL,Ireland,581.0002,73.434585366,1,1984
IRL,Ireland,618.6488,73.640902439,1,1985
IRL,Ireland,619.5862,73.848804878,1,1986
IRL,Ireland,635.8245,74.063317073,1,1987
IRL,Ireland,661.7991,74.286439024,1,1988
IRL,Ireland,685.567,74.515609756,1,1989
IRL,Ireland,750.5787,74.741317073,1,1990
IRL,Ireland,849.226,74.950536585,1,1991
IRL,Ireland,929.9279,75.136243902,1,1992
IRL,Ireland,980.4917,75.296439024,1,1993
IRL,Ireland,1037.9826,75.437634146,1,1994
IRL,Ireland,1124.7885,75.571341463,1,1995
IRL,Ireland,1183.9985,75.831707317,1,1996
IRL,Ireland,1291.4988,75.985365854,1,1997
IRL,Ireland,1381.3734,76.180487805,1,1998
IRL,Ireland,1483.2093,76.082926829,1,1999
IRL,Ireland,1749.0146,76.536585366,1,2000
IRL,Ireland,2034.3981,77.134146341,1,2001
IRL,Ireland,2298.9631,77.634146341,1,2002
IRL,Ireland,2520.871,78.139024390,1,2003
IRL,Ireland,2755.4185,78.539024390,1,2004
IRL,Ireland,3097.1122,78.943902439,1,2005
IRL,Ireland,3304.4115,79.241463415,1,2006
IRL,Ireland,3649.2954,79.641463415,1,2007
IRL,Ireland,4000.7079,80.095121951,1,2008
IRL,Ireland,4407.799,80.190243902,1,2009
IRL,Ireland,4585.4044,80.743902439,1,2010
IRL,Ireland,4514.9774,80.746341463,1,2011
IRL,Ireland,4658.284,80.895121951,1,2012
IRL,Ireland,4980.3999,81,1,2013
IRL,Ireland,5001.322,81.153658537,1,2014
ISL,Iceland,176.9406,73.933902439,1,1970
ISL,Iceland,227.8839,73.570487805,1,1971
ISL,Iceland,243.8671,74.455853659,1,1972
ISL,Iceland,247.8772,74.450975610,1,1973
ISL,Iceland,321.6482,74.511707317,1,1974
ISL,Iceland,377.2202,75.578780488,1,1975
ISL,Iceland,391.7099,76.972195122,1,1976
ISL,Iceland,444.8947,76.373658537,1,1977
ISL,Iceland,538.854,76.649268293,1,1978
ISL,Iceland,684.5931,76.773170732,1,1979
ISL,Iceland,723.158,76.846585366,1,1980
ISL,Iceland,832.769,76.521463415,1,1981
ISL,Iceland,933.9135,77.037804878,1,1982
ISL,Iceland,1027.8413,76.845609756,1,1983
ISL,Iceland,1033.6359,77.576585366,1,1984
ISL,Iceland,1132.1416,77.602439024,1,1985
ISL,Iceland,1300.3055,77.990731707,1,1986
ISL,Iceland,1466.4293,77.339024390,1,1987
ISL,Iceland,1610.2986,77.082926829,1,1988
ISL,Iceland,1619.7326,78.140975610,1,1989
ISL,Iceland,1610.2953,78.036341463,1,1990
ISL,Iceland,1680.0298,77.991951220,1,1991
ISL,Iceland,1683.0547,78.760243902,1,1992
ISL,Iceland,1747.6494,78.934634146,1,1993
ISL,Iceland,1792.7196,79.247073171,1,1994
ISL,Iceland,1851.5667,77.984390244,1,1995
ISL,Iceland,1935.7508,78.777804878,1,1996
ISL,Iceland,2061.6143,78.885365854,1,1997
ISL,Iceland,2410.4274,79.602439024,1,1998
ISL,Iceland,2601.1358,79.351219512,1,1999
ISL,Iceland,2672.9878,79.653658537,1,2000
ISL,Iceland,2783.3467,80.690243902,1,2001
ISL,Iceland,3078.4478,80.502439024,1,2002
ISL,Iceland,3198.3977,80.963414634,1,2003
ISL,Iceland,3339.1786,80.997560976,1,2004
ISL,Iceland,3294.4734,81.502439024,1,2005
ISL,Iceland,3276.3176,81.158536585,1,2006
ISL,Iceland,3375.6701,81.453658537,1,2007
ISL,Iceland,3628.0346,81.609756098,1,2008
ISL,Iceland,3624.4513,81.751219512,1,2009
ISL,Iceland,3405.9865,81.897560976,1,2010
ISL,Iceland,3420.6305,82.358536585,1,2011
ISL,Iceland,3506.4164,82.917073171,1,2012
ISL,Iceland,3739.4503,82.060975610,1,2013
ISL,Iceland,3896.9251,82.060975610,1,2014
ISR,Israel,356.214,72.958536585,1,1977
ISR,Israel,432.6298,73.207317073,1,1978
ISR,Israel,526.2098,73.507317073,1,1979
ISR,Israel,577.344,73.875609756,1,1980
ISR,Israel,632.9434,74.260975610,1,1981
ISR,Israel,679.4635,74.109756098,1,1982
ISR,Israel,764.464,74.458536585,1,1983
ISR,Israel,954.6426,74.807317073,1,1984
ISR,Israel,750.0785,75.207317073,1,1985
ISR,Israel,731.1385,74.956097561,1,1986
ISR,Israel,802.83,75.258536585,1,1987
ISR,Israel,873.6201,74.436585366,1,1988
ISR,Israel,963.2694,76.307317073,1,1989
ISR,Israel,977.2241,76.607317073,1,1990
ISR,Israel,976.8055,76.758536585,1,1991
ISR,Israel,1083.5857,76.504878049,1,1992
ISR,Israel,1154.4308,77.153658537,1,1993
ISR,Israel,1322.5405,77.402439024,1,1994
ISR,Israel,1364.8885,77.451219512,1,1995
ISR,Israel,1454.7886,78.104878049,1,1996
ISR,Israel,1530.6489,78,1,1997
ISR,Israel,1561.5433,78.148780488,1,1998
ISR,Israel,1533.3425,78.658536585,1,1999
ISR,Israel,1694.5716,78.953658537,1,2000
ISR,Israel,1803.6441,79.407317073,1,2001
ISR,Israel,1802.9913,79.451219512,1,2002
ISR,Israel,1689.7749,79.648780488,1,2003
ISR,Israel,1774.8252,80.146341463,1,2004
ISR,Israel,1768.9521,80.151219512,1,2005
ISR,Israel,1783.7368,80.553658537,1,2006
ISR,Israel,1899.5578,80.504878049,1,2007
ISR,Israel,1917.6632,80.951219512,1,2008
ISR,Israel,1942.783,81.404878049,1,2009
ISR,Israel,2025.5808,81.602439024,1,2010
ISR,Israel,2139.2641,81.656097561,1,2011
ISR,Israel,2273.3898,81.704878049,1,2012
ISR,Israel,2473.2848,82.056097561,1,2013
ISR,Israel,2547.401,82.153658537,1,2014
ITA,Italy,1074.6384,76.370731707,1,1988
ITA,Italy,1151.0907,76.819512195,1,1989
ITA,Italy,1281.8826,76.970731707,1,1990
ITA,Italy,1388.9875,77.019512195,1,1991
ITA,Italy,1405.525,77.419512195,1,1992
ITA,Italy,1419.7029,77.721951220,1,1993
ITA,Italy,1448.6155,77.921951220,1,1994
ITA,Italy,1507.7006,78.170731707,1,1995
ITA,Italy,1576.9319,78.521951220,1,1996
ITA,Italy,1692.9319,78.824390244,1,1997
ITA,Italy,1792.3389,78.975609756,1,1998
ITA,Italy,1845.6069,79.424390244,1,1999
ITA,Italy,2019.4276,79.778048780,1,2000
ITA,Italy,2194.4551,80.126829268,1,2001
ITA,Italy,2202.0358,80.229268293,1,2002
ITA,Italy,2235.811,79.982926829,1,2003
ITA,Italy,2355.7084,80.780487805,1,2004
ITA,Italy,2479.3278,80.782926829,1,2005
ITA,Italy,2703.1626,81.282926829,1,2006
ITA,Italy,2751.8517,81.434146341,1,2007
ITA,Italy,3011.2728,81.485365854,1,2008
ITA,Italy,3064.7996,81.636585366,1,2009
ITA,Italy,3108.2039,82.036585366,1,2010
ITA,Italy,3169.0494,82.187804878,1,2011
ITA,Italy,3174.261,82.239024390,1,2012
ITA,Italy,3141.8651,82.690243902,1,2013
ITA,Italy,3206.8286,82.690243902,1,2014
JPN,Japan,141.137,71.950243902,1,1970
JPN,Japan,157.0962,72.882926829,1,1971
JPN,Japan,179.3623,73.506585366,1,1972
JPN,Japan,196.173,73.757560976,1,1973
JPN,Japan,228.7534,74.393902439,1,1974
JPN,Japan,281.4097,75.057317073,1,1975
JPN,Japan,305.5513,75.456829268,1,1976
JPN,Japan,343.9546,75.898292683,1,1977
JPN,Japan,397.0256,76.038292683,1,1978
JPN,Japan,459.1314,76.337560976,1,1979
JPN,Japan,544.6309,76.091707317,1,1980
JPN,Japan,622.7155,76.414390244,1,1981
JPN,Japan,695.7236,76.922926829,1,1982
JPN,Japan,751.8829,76.961463415,1,1983
JPN,Japan,783.9361,77.365365854,1,1984
JPN,Japan,863.347,77.650487805,1,1985
JPN,Japan,894.6269,78.064634146,1,1986
JPN,Japan,952.0212,78.483658537,1,1987
JPN,Japan,1004.3207,78.399268293,1,1988
JPN,Japan,1051.3848,78.818048780,1,1989
JPN,Japan,1116.7064,78.836829268,1,1990
JPN,Japan,1195.9912,79.100731707,1,1991
JPN,Japan,1283.3253,79.153902439,1,1992
JPN,Japan,1371.3138,79.293658537,1,1993
JPN,Japan,1469.0998,79.687073171,1,1994
JPN,Japan,1469.5138,79.536341463,1,1995
JPN,Japan,1501.2085,80.200243902,1,1996
JPN,Japan,1607.6141,80.424146341,1,1997
JPN,Japan,1656.82,80.501463415,1,1998
JPN,Japan,1765.9755,80.570731707,1,1999
JPN,Japan,1914.8514,81.076097561,1,2000
JPN,Japan,2019.8249,81.417073171,1,2001
JPN,Japan,2104.6727,81.563414634,1,2002
JPN,Japan,2198.8429,81.76,1,2003
JPN,Japan,2327.8175,82.030243902,1,2004
JPN,Japan,2463.7249,81.925121951,1,2005
JPN,Japan,2580.1459,82.321951220,1,2006
JPN,Japan,2723.8322,82.507073171,1,2007
JPN,Japan,2852.8629,82.587560976,1,2008
JPN,Japan,2998.5676,82.931463415,1,2009
JPN,Japan,3204.9489,82.842682927,1,2010
JPN,Japan,3799.1178,82.591219512,1,2011
JPN,Japan,4016.7772,83.096097561,1,2012
JPN,Japan,4151.7546,83.331951220,1,2013
JPN,Japan,4152.3727,83.587804878,1,2014
KOR,"Korea, Rep.",16.1934,62.035853659,1,1970
KOR,"Korea, Rep.",16.0407,62.443658537,1,1971
KOR,"Korea, Rep.",16.0358,62.841463415,1,1972
KOR,"Korea, Rep.",16.3623,63.229512195,1,1973
KOR,"Korea, Rep.",16.6344,63.597560976,1,1974
KOR,"Korea, Rep.",28.8199,63.955853659,1,1975
KOR,"Korea, Rep.",34.0852,64.304146341,1,1976
KOR,"Korea, Rep.",37.9691,64.647560976,1,1977
KOR,"Korea, Rep.",48.0566,64.976097561,1,1978
KOR,"Korea, Rep.",72.2968,65.294634146,1,1979
KOR,"Korea, Rep.",83.6991,65.809268293,1,1980
KOR,"Korea, Rep.",100.321,66.309268293,1,1981
KOR,"Korea, Rep.",112.2503,66.784146341,1,1982
KOR,"Korea, Rep.",126.2749,67.239268293,1,1983
KOR,"Korea, Rep.",135.5984,67.903414634,1,1984
KOR,"Korea, Rep.",151.0003,68.532926829,1,1985
KOR,"Korea, Rep.",163.2956,69.183658537,1,1986
KOR,"Korea, Rep.",181.6437,69.809268293,1,1987
KOR,"Korea, Rep.",217.35,70.339268293,1,1988
KOR,"Korea, Rep.",274.2709,70.859512195,1,1989
KOR,"Korea, Rep.",304.9462,71.299756098,1,1990
KOR,"Korea, Rep.",329.3832,71.730243902,1,1991
KOR,"Korea, Rep.",366.4309,72.200487805,1,1992
KOR,"Korea, Rep.",387.3435,72.681951220,1,1993
KOR,"Korea, Rep.",407.2591,73.043170732,1,1994
KOR,"Korea, Rep.",457.9495,73.394390244,1,1995
KOR,"Korea, Rep.",523.5899,73.831219512,1,1996
KOR,"Korea, Rep.",556.243,74.247804878,1,1997
KOR,"Korea, Rep.",547.8676,74.680243902,1,1998
KOR,"Korea, Rep.",647.5179,75.373414634,1,1999
KOR,"Korea, Rep.",724.0871,75.835365854,1,2000
KOR,"Korea, Rep.",862.3864,76.341951220,1,2001
KOR,"Korea, Rep.",904.2233,76.839024390,1,2002
KOR,"Korea, Rep.",997.689,77.250243902,1,2003
KOR,"Korea, Rep.",1081.4534,77.846585366,1,2004
KOR,"Korea, Rep.",1220.0809,78.432682927,1,2005
KOR,"Korea, Rep.",1406.6213,78.969268293,1,2006
KOR,"Korea, Rep.",1566.6353,79.349512195,1,2007
KOR,"Korea, Rep.",1662.9686,79.832682927,1,2008
KOR,"Korea, Rep.",1791.2895,80.297317073,1,2009
KOR,"Korea, Rep.",1951.3258,80.551219512,1,2010
KOR,"Korea, Rep.",2029.6636,80.967073171,1,2011
KOR,"Korea, Rep.",2131.9334,81.213414634,1,2012
KOR,"Korea, Rep.",2224.6293,81.705121951,1,2013
KOR,"Korea, Rep.",2361.44,82.155853659,1,2014
LUX,Luxembourg,2282.8814,76.512195122,1,1995
LUX,Luxembourg,2394.4814,76.519512195,1,1996
LUX,Luxembourg,2402.6437,76.880487805,1,1997
LUX,Luxembourg,2574.1903,77.017073171,1,1998
LUX,Luxembourg,2983.2628,77.770731707,1,1999
LUX,Luxembourg,3466.2675,77.873170732,1,2000
LUX,Luxembourg,3792.6746,77.824390244,1,2001
LUX,Luxembourg,4223.3167,77.965853659,1,2002
LUX,Luxembourg,4478.8393,77.726829268,1,2003
LUX,Luxembourg,5059.9115,79.121951220,1,2004
LUX,Luxembourg,5090.3667,79.431707317,1,2005
LUX,Luxembourg,5512.8935,79.287804878,1,2006
LUX,Luxembourg,5500.6005,79.382926829,1,2007
LUX,Luxembourg,5938.8079,80.539024390,1,2008
LUX,Luxembourg,6355.5453,80.636585366,1,2009
LUX,Luxembourg,6401.8972,80.631707317,1,2010
LUX,Luxembourg,6040.591,80.987804878,1,2011
LUX,Luxembourg,6423.1651,81.392682927,1,2012
LUX,Luxembourg,6629.0284,81.8,1,2013
LUX,Luxembourg,6682.237,82.207317073,1,2014
LVA,Latvia,316.1527,66.391219512,1,1995
LVA,Latvia,357.0531,68.776585366,1,1996
LVA,Latvia,407.9162,69.349268293,1,1997
LVA,Latvia,443.0138,69.012195122,1,1998
LVA,Latvia,476.6602,69.742926829,1,1999
LVA,Latvia,480.353,70.314634146,1,2000
LVA,Latvia,548.44,70.760975610,1,2001
LVA,Latvia,622.1728,70.960975610,1,2002
LVA,Latvia,662.9195,71.265853659,1,2003
LVA,Latvia,780.0993,72.026829268,1,2004
LVA,Latvia,828.3765,71.356097561,1,2005
LVA,Latvia,954.2433,70.865853659,1,2006
LVA,Latvia,1099.1831,71.019512195,1,2007
LVA,Latvia,1119.7091,72.419512195,1,2008
LVA,Latvia,1049.1766,73.080487805,1,2009
LVA,Latvia,1071.4247,73.482926829,1,2010
LVA,Latvia,1086.9471,73.575609756,1,2011
LVA,Latvia,1148.7918,73.778048780,1,2012
LVA,Latvia,1219.4164,73.982926829,1,2013
LVA,Latvia,1295.0128,74.187804878,1,2014
MEX,Mexico,285.7207,70.795731707,1,1990
MEX,Mexico,325.5643,71.190975610,1,1991
MEX,Mexico,364.261,71.585829268,1,1992
MEX,Mexico,387.8606,71.977829268,1,1993
MEX,Mexico,407.6407,72.363853659,1,1994
MEX,Mexico,374.6792,72.739780488,1,1995
MEX,Mexico,359.1931,73.098902439,1,1996
MEX,Mexico,395.1057,73.437146341,1,1997
MEX,Mexico,421.4756,73.751414634,1,1998
MEX,Mexico,449.0194,74.039243902,1,1999
MEX,Mexico,484.3868,74.299731707,1,2000
MEX,Mexico,529.2534,74.533487805,1,2001
MEX,Mexico,557.88,74.744707317,1,2002
MEX,Mexico,642.5906,74.937512195,1,2003
MEX,Mexico,691.8534,75.115487805,1,2004
MEX,Mexico,730.8158,75.282097561,1,2005
MEX,Mexico,771.7252,75.438780488,1,2006
MEX,Mexico,822.3672,75.587926829,1,2007
MEX,Mexico,846.8494,75.732463415,1,2008
MEX,Mexico,889.1632,75.877414634,1,2009
MEX,Mexico,911.3509,76.026780488,1,2010
MEX,Mexico,942.4717,76.185658537,1,2011
MEX,Mexico,1005.8945,76.354097561,1,2012
MEX,Mexico,1021.2599,76.532658537,1,2013
MEX,Mexico,1035.3389,76.721853659,1,2014
NLD,Netherlands,281.4789,73.727073171,1,1972
NLD,Netherlands,313.6346,74.143902439,1,1973
NLD,Netherlands,365.8162,74.536829268,1,1974
NLD,Netherlands,419.7165,74.498780488,1,1975
NLD,Netherlands,455.6937,74.647073171,1,1976
NLD,Netherlands,497.4076,75.221463415,1,1977
NLD,Netherlands,551.5421,75.145121951,1,1978
NLD,Netherlands,620.2936,75.606097561,1,1979
NLD,Netherlands,698.4237,75.743170732,1,1980
NLD,Netherlands,762.9227,75.934390244,1,1981
NLD,Netherlands,823.657,75.988536585,1,1982
NLD,Netherlands,870.5367,76.164146341,1,1983
NLD,Netherlands,888.2889,76.233170732,1,1984
NLD,Netherlands,934.4091,76.284634146,1,1985
NLD,Netherlands,987.2535,76.270487805,1,1986
NLD,Netherlands,1042.1446,76.705121951,1,1987
NLD,Netherlands,1096.7847,76.890243902,1,1988
NLD,Netherlands,1212.3951,76.734146341,1,1989
NLD,Netherlands,1330.9081,76.878048780,1,1990
NLD,Netherlands,1433.0591,77,1,1991
NLD,Netherlands,1522.2756,77.217073171,1,1992
NLD,Netherlands,1588.271,76.916585366,1,1993
NLD,Netherlands,1634.1205,77.375121951,1,1994
NLD,Netherlands,1691.0385,77.404634146,1,1995
NLD,Netherlands,1758.7704,77.435609756,1,1996
NLD,Netherlands,1822.439,77.794390244,1,1997
NLD,Netherlands,1961.6286,77.882926829,1,1998
NLD,Netherlands,2076.1574,77.836585366,1,1999
NLD,Netherlands,2224.7504,77.987804878,1,2000
NLD,Netherlands,2441.0229,78.190243902,1,2001
NLD,Netherlands,2700.5099,78.292682927,1,2002
NLD,Netherlands,2853.4358,78.492682927,1,2003
NLD,Netherlands,3016.6645,79.095121951,1,2004
NLD,Netherlands,3510.9048,79.346341463,1,2005
NLD,Netherlands,3797.2679,79.697560976,1,2006
NLD,Netherlands,4066.1338,80.097560976,1,2007
NLD,Netherlands,4398.2743,80.251219512,1,2008
NLD,Netherlands,4550.4651,80.548780488,1,2009
NLD,Netherlands,4671.0098,80.702439024,1,2010
NLD,Netherlands,4862.459,81.204878049,1,2011
NLD,Netherlands,5044.2654,81.104878049,1,2012
NLD,Netherlands,5250.3058,81.304878049,1,2013
NLD,Netherlands,5276.6003,81.304878049,1,2014
NOR,Norway,133.1736,74.088048780,1,1970
NOR,Norway,156.7782,74.179268293,1,1971
NOR,Norway,185.9515,74.344634146,1,1972
NOR,Norway,210.1582,74.442195122,1,1973
NOR,Norway,236.5434,74.753658537,1,1974
NOR,Norway,292.6418,74.817560976,1,1975
NOR,Norway,333.3121,75.039512195,1,1976
NOR,Norway,382.545,75.386829268,1,1977
NOR,Norway,465.2548,75.418536585,1,1978
NOR,Norway,478.8375,75.413902439,1,1979
NOR,Norway,528.5853,75.671707317,1,1980
NOR,Norway,588.4691,75.869024390,1,1981
NOR,Norway,647.0286,76.010975610,1,1982
NOR,Norway,719.5041,76.066829268,1,1983
NOR,Norway,741.4723,76.224390244,1,1984
NOR,Norway,805.0504,75.916829268,1,1985
NOR,Norway,919.871,76.241219512,1,1986
NOR,Norway,993.5674,76.081707317,1,1987
NOR,Norway,1042.9272,76.220487805,1,1988
NOR,Norway,1060.1685,76.500487805,1,1989
NOR,Norway,1291.4821,76.537317073,1,1990
NOR,Norway,1422.3816,76.980731707,1,1991
NOR,Norway,1528.9346,77.184390244,1,1992
NOR,Norway,1574.586,77.151707317,1,1993
NOR,Norway,1659.9261,77.689756098,1,1994
NOR,Norway,1750.8758,77.736585366,1,1995
NOR,Norway,1910.4081,78.150487805,1,1996
NOR,Norway,2204.6489,78.142682927,1,1997
NOR,Norway,2354.4211,78.329268293,1,1998
NOR,Norway,2565.0829,78.282926829,1,1999
NOR,Norway,2836.1297,78.634146341,1,2000
NOR,Norway,3030.9077,78.785365854,1,2001
NOR,Norway,3398.0379,78.987804878,1,2002
NOR,Norway,3595.0564,79.390243902,1,2003
NOR,Norway,3811.3917,79.841463415,1,2004
NOR,Norway,4029.4379,80.041463415,1,2005
NOR,Norway,4329.4071,80.343902439,1,2006
NOR,Norway,4578.0888,80.395121951,1,2007
NOR,Norway,4973.2861,80.592682927,1,2008
NOR,Norway,5094.2532,80.795121951,1,2009
NOR,Norway,5240.4165,80.997560976,1,2010
NOR,Norway,5515.1289,81.295121951,1,2011
NOR,Norway,5738.4827,81.451219512,1,2012
NOR,Norway,5966.6373,81.751219512,1,2013
NOR,Norway,6080.998,81.751219512,1,2014
NZL,New Zealand,198.5489,71.273170732,1,1970
NZL,New Zealand,214.7995,71.773170732,1,1971
NZL,New Zealand,235.2392,71.829268293,1,1972
NZL,New Zealand,265.7134,71.668292683,1,1973
NZL,New Zealand,333.7933,71.924390244,1,1974
NZL,New Zealand,402.8334,72.219512195,1,1975
NZL,New Zealand,391.3625,72.421951220,1,1976
NZL,New Zealand,404.3243,72.168292683,1,1977
NZL,New Zealand,482.4218,73.019512195,1,1978
NZL,New Zealand,480.5465,73.068292683,1,1979
NZL,New Zealand,482.2414,72.829268293,1,1980
NZL,New Zealand,534.0187,73.621951220,1,1981
NZL,New Zealand,595.1715,73.724390244,1,1982
NZL,New Zealand,624.2208,73.775609756,1,1983
NZL,New Zealand,647.7618,74.370731707,1,1984
NZL,New Zealand,611.4766,73.829268293,1,1985
NZL,New Zealand,660.9666,74.121951220,1,1986
NZL,New Zealand,741.3847,74.178048780,1,1987
NZL,New Zealand,836.1422,74.424390244,1,1988
NZL,New Zealand,894.4636,74.824390244,1,1989
NZL,New Zealand,972.917,75.378048780,1,1990
NZL,New Zealand,1033.6659,76.031707317,1,1991
NZL,New Zealand,1077.7332,76.124390244,1,1992
NZL,New Zealand,1105.3212,76.434146341,1,1993
NZL,New Zealand,1185.3952,76.882926829,1,1994
NZL,New Zealand,1243.0449,76.734146341,1,1995
NZL,New Zealand,1272.288,76.787804878,1,1996
NZL,New Zealand,1358.0977,77.334146341,1,1997
NZL,New Zealand,1451.6511,78.085365854,1,1998
NZL,New Zealand,1522.3195,77.890243902,1,1999
NZL,New Zealand,1607.0072,78.636585366,1,2000
NZL,New Zealand,1705.2852,78.692682927,1,2001
NZL,New Zealand,1841.3031,78.846341463,1,2002
NZL,New Zealand,1849.9565,79.146341463,1,2003
NZL,New Zealand,1981.8474,79.548780488,1,2004
NZL,New Zealand,2124.3824,79.851219512,1,2005
NZL,New Zealand,2394.4802,80.048780488,1,2006
NZL,New Zealand,2444.5154,80.151219512,1,2007
NZL,New Zealand,2729.96,80.351219512,1,2008
NZL,New Zealand,2970.2107,80.702439024,1,2009
NZL,New Zealand,3020.3961,80.702439024,1,2010
NZL,New Zealand,3130.8058,80.904878049,1,2011
NZL,New Zealand,3199.4632,81.156097561,1,2012
NZL,New Zealand,3486.433,81.407317073,1,2013
NZL,New Zealand,3537.2568,81.404878049,1,2014
POL,Poland,264.8838,70.890243902,1,1990
POL,Poland,280.6377,70.587804878,1,1991
POL,Poland,307.2336,71.090243902,1,1992
POL,Poland,331.9318,71.595121951,1,1993
POL,Poland,348.0157,71.695121951,1,1994
POL,Poland,373.2969,71.892682927,1,1995
POL,Poland,430.5564,72.246341463,1,1996
POL,Poland,453.8275,72.646341463,1,1997
POL,Poland,475.168,72.997560976,1,1998
POL,Poland,547.0443,73.043902439,1,1999
POL,Poland,562.0242,73.748780488,1,2000
POL,Poland,622.7935,74.2,1,2001
POL,Poland,704.7175,74.497560976,1,2002
POL,Poland,718.1629,74.597560976,1,2003
POL,Poland,770.5865,74.846341463,1,2004
POL,Poland,806.3174,74.995121951,1,2005
POL,Poland,882.2359,75.143902439,1,2006
POL,Poland,992.6475,75.243902439,1,2007
POL,Poland,1158.0342,75.543902439,1,2008
POL,Poland,1270.2808,75.695121951,1,2009
POL,Poland,1340.7184,76.246341463,1,2010
POL,Poland,1404.1005,76.695121951,1,2011
POL,Poland,1463.748,76.746341463,1,2012
POL,Poland,1580.371,77,1,2013
POL,Poland,1624.8655,77.253658537,1,2014
PRT,Portugal,45.35,67.073170732,1,1970
PRT,Portugal,54.6689,66.770731707,1,1971
PRT,Portugal,76.1216,68.324390244,1,1972
PRT,Portugal,96.4832,67.524390244,1,1973
PRT,Portugal,112.1765,68.019512195,1,1974
PRT,Portugal,154.4927,68.309756098,1,1975
PRT,Portugal,163.886,68.860975610,1,1976
PRT,Portugal,162.3001,70.012195122,1,1977
PRT,Portugal,182.1873,70.317073171,1,1978
PRT,Portugal,200.3286,71.168292683,1,1979
PRT,Portugal,264.2319,71.214634146,1,1980
PRT,Portugal,305.3306,71.614634146,1,1981
PRT,Portugal,333.1386,72.414634146,1,1982
PRT,Portugal,326.4657,72.265853659,1,1983
PRT,Portugal,339.0358,72.514634146,1,1984
PRT,Portugal,389.0126,72.814634146,1,1985
PRT,Portugal,456.3351,73.265853659,1,1986
PRT,Portugal,484.2448,73.665853659,1,1987
PRT,Portugal,561.7408,73.714634146,1,1988
PRT,Portugal,573.3407,74.265853659,1,1989
PRT,Portugal,616.9194,73.965853659,1,1990
PRT,Portugal,730.1072,74.014634146,1,1991
PRT,Portugal,773.8947,74.312195122,1,1992
PRT,Portugal,808.5116,74.512195122,1,1993
PRT,Portugal,828.1529,74.914634146,1,1994
PRT,Portugal,984.1816,75.312195122,1,1995
PRT,Portugal,1056.8077,75.260975610,1,1996
PRT,Portugal,1115.4084,75.412195122,1,1997
PRT,Portugal,1166.5307,75.712195122,1,1998
PRT,Portugal,1280.6509,75.963414634,1,1999
PRT,Portugal,1494.6821,76.314634146,1,2000
PRT,Portugal,1562.2151,76.814634146,1,2001
PRT,Portugal,1654.4182,77.065853659,1,2002
PRT,Portugal,1764.6203,77.219512195,1,2003
PRT,Portugal,1886.7594,77.670731707,1,2004
PRT,Portugal,2082.2039,78.070731707,1,2005
PRT,Portugal,2181.0053,78.419512195,1,2006
PRT,Portugal,2286.5402,78.321951220,1,2007
PRT,Portugal,2440.611,78.524390244,1,2008
PRT,Portugal,2589.1595,78.726829268,1,2009
PRT,Portugal,2645.6631,79.026829268,1,2010
PRT,Portugal,2566.9707,80.470731707,1,2011
PRT,Portugal,2535.7284,80.373170732,1,2012
PRT,Portugal,2538.7046,80.721951220,1,2013
PRT,Portugal,2583.8438,80.721951220,1,2014
SVK,Slovak Republic,562.9105,72.704878049,1,1997
SVK,Slovak Republic,583.252,72.551219512,1,1998
SVK,Slovak Republic,585.457,72.902439024,1,1999
SVK,Slovak Republic,592.8044,73.051219512,1,2000
SVK,Slovak Republic,653.456,73.402439024,1,2001
SVK,Slovak Republic,724.7334,73.604878049,1,2002
SVK,Slovak Republic,759.0556,73.604878049,1,2003
SVK,Slovak Republic,971.2235,73.958536585,1,2004
SVK,Slovak Republic,1093.9081,73.904878049,1,2005
SVK,Slovak Republic,1294.5212,74.204878049,1,2006
SVK,Slovak Republic,1545.5981,74.207317073,1,2007
SVK,Slovak Republic,1665.2449,74.704878049,1,2008
SVK,Slovak Republic,1849.6847,74.909756098,1,2009
SVK,Slovak Republic,1917.8972,75.112195122,1,2010
SVK,Slovak Republic,1871.8732,75.958536585,1,2011
SVK,Slovak Republic,1999.5644,76.109756098,1,2012
SVK,Slovak Republic,2073.0478,76.412195122,1,2013
SVK,Slovak Republic,1970.523,76.714634146,1,2014
SVN,Slovenia,970.6971,73.958536585,1,1995
SVN,Slovenia,1055.5687,74.458536585,1,1996
SVN,Slovenia,1149.7902,74.707317073,1,1997
SVN,Slovenia,1224.4156,74.807317073,1,1998
SVN,Slovenia,1303.4448,75.009756098,1,1999
SVN,Slovenia,1451.1511,75.412195122,1,2000
SVN,Slovenia,1581.6287,75.758536585,1,2001
SVN,Slovenia,1609.4541,76.007317073,1,2002
SVN,Slovenia,1692.7708,76.858536585,1,2003
SVN,Slovenia,1798.5475,77.207317073,1,2004
SVN,Slovenia,1902.6718,77.612195122,1,2005
SVN,Slovenia,2018.3504,78.086585366,1,2006
SVN,Slovenia,2074.3104,78.560975610,1,2007
SVN,Slovenia,2323.2728,78.765853659,1,2008
SVN,Slovenia,2355.0227,78.970731707,1,2009
SVN,Slovenia,2363.6692,79.421951220,1,2010
SVN,Slovenia,2435.0835,79.970731707,1,2011
SVN,Slovenia,2486.6141,80.124390244,1,2012
SVN,Slovenia,2548.6819,80.321951220,1,2013
SVN,Slovenia,2598.9066,80.519512195,1,2014
SWE,Sweden,266.0831,74.649268293,1,1970
SWE,Sweden,302.6247,74.623902439,1,1971
SWE,Sweden,327.5264,74.718048780,1,1972
SWE,Sweden,356.8408,74.867317073,1,1973
SWE,Sweden,416.1785,74.980487805,1,1974
SWE,Sweden,485.6318,74.984634146,1,1975
SWE,Sweden,538.2929,74.969268293,1,1976
SWE,Sweden,622.7401,75.379756098,1,1977
SWE,Sweden,680.4523,75.469024390,1,1978
SWE,Sweden,752.2703,75.524146341,1,1979
SWE,Sweden,866.5531,75.740975610,1,1980
SWE,Sweden,963.2356,76.026097561,1,1981
SWE,Sweden,1046.4884,76.327317073,1,1982
SWE,Sweden,1095.6925,76.551707317,1,1983
SWE,Sweden,1152.9266,76.815853659,1,1984
SWE,Sweden,1151.9123,76.667804878,1,1985
SWE,Sweden,1166.1314,76.931219512,1,1986
SWE,Sweden,1245.4541,77.092195122,1,1987
SWE,Sweden,1300.728,76.979268293,1,1988
SWE,Sweden,1389.4044,77.726829268,1,1989
SWE,Sweden,1456.7809,77.536829268,1,1990
SWE,Sweden,1475.3174,77.666829268,1,1991
SWE,Sweden,1541.0065,77.998780488,1,1992
SWE,Sweden,1585.7975,78.060487805,1,1993
SWE,Sweden,1588.781,78.650243902,1,1994
SWE,Sweden,1659.0003,78.740487805,1,1995
SWE,Sweden,1768.8161,78.959024390,1,1996
SWE,Sweden,1793.1756,79.197560976,1,1997
SWE,Sweden,1891.2871,79.339024390,1,1998
SWE,Sweden,2015.6244,79.441463415,1,1999
SWE,Sweden,2177.5321,79.643902439,1,2000
SWE,Sweden,2395.6745,79.795121951,1,2001
SWE,Sweden,2574.7376,79.846341463,1,2002
SWE,Sweden,2713.9253,80.095121951,1,2003
SWE,Sweden,2830.3305,80.497560976,1,2004
SWE,Sweden,2841.8221,80.546341463,1,2005
SWE,Sweden,3066.2039,80.748780488,1,2006
SWE,Sweden,3274.849,80.9,1,2007
SWE,Sweden,3481.5901,81.1,1,2008
SWE,Sweden,3547.1337,81.351219512,1,2009
SWE,Sweden,3543.5822,81.451219512,1,2010
SWE,Sweden,4667.6964,81.802439024,1,2011
SWE,Sweden,4860.2524,81.704878049,1,2012
SWE,Sweden,5003.1323,81.956097561,1,2013
SWE,Sweden,5065.1613,81.956097561,1,2014
TUR,Turkey,45.5623,55.385219512,1,1975
TUR,Turkey,40.9581,56.049756098,1,1976
TUR,Turkey,51.5739,56.718682927,1,1977
TUR,Turkey,61.9462,57.385,1,1978
TUR,Turkey,64.6638,58.044268293,1,1979
TUR,Turkey,69.4238,58.691585366,1,1980
TUR,Turkey,85.3679,59.326121951,1,1981
TUR,Turkey,76.3853,59.946463415,1,1982
TUR,Turkey,83.6714,60.552658537,1,1983
TUR,Turkey,86.4412,61.143195122,1,1984
TUR,Turkey,64.0561,61.714439024,1,1985
TUR,Turkey,84.4765,62.262268293,1,1986
TUR,Turkey,95.7156,62.787512195,1,1987
TUR,Turkey,108.3045,63.294536585,1,1988
TUR,Turkey,120.8851,63.790317073,1,1989
TUR,Turkey,144.1129,64.282341463,1,1990
TUR,Turkey,167.3948,64.783097561,1,1991
TUR,Turkey,175.4861,65.300219512,1,1992
TUR,Turkey,186.8433,65.837902439,1,1993
TUR,Turkey,172.3677,66.398731707,1,1994
TUR,Turkey,172.7806,66.981926829,1,1995
TUR,Turkey,214.7436,67.586219512,1,1996
TUR,Turkey,249.5353,68.199682927,1,1997
TUR,Turkey,294.7179,68.812268293,1,1998
TUR,Turkey,357.0304,69.415390244,1,1999
TUR,Turkey,423.9505,69.999341463,1,2000
TUR,Turkey,433.5375,70.555804878,1,2001
TUR,Turkey,453.351,71.081975610,1,2002
TUR,Turkey,459.0445,71.574195122,1,2003
TUR,Turkey,521.3,72.029878049,1,2004
TUR,Turkey,585.6594,72.448121951,1,2005
TUR,Turkey,697.3519,72.828585366,1,2006
TUR,Turkey,766.8245,73.177073171,1,2007
TUR,Turkey,827.3149,73.500756098,1,2008
TUR,Turkey,841.2871,73.803219512,1,2009
TUR,Turkey,852.6704,74.090926829,1,2010
TUR,Turkey,887.9525,74.367341463,1,2011
TUR,Turkey,911.293,74.636804878,1,2012
TUR,Turkey,969.3608,74.900707317,1,2013
TUR,Turkey,990.1908,75.163512195,1,2014
USA,United States,326.9704,70.807317073,1,1970
USA,United States,357.983,71.107317073,1,1971
USA,United States,397.1014,71.156097561,1,1972
USA,United States,439.3022,71.356097561,1,1973
USA,United States,495.123,71.956097561,1,1974
USA,United States,560.7455,72.604878049,1,1975
USA,United States,638.8557,72.856097561,1,1976
USA,United States,726.2369,73.256097561,1,1977
USA,United States,808.8881,73.356097561,1,1978
USA,United States,908.9625,73.804878049,1,1979
USA,United States,1036.3091,73.609756098,1,1980
USA,United States,1191.5418,74.009756098,1,1981
USA,United States,1329.6731,74.360975610,1,1982
USA,United States,1451.9445,74.463414634,1,1983
USA,United States,1590.6675,74.563414634,1,1984
USA,United States,1735.1606,74.563414634,1,1985
USA,United States,1847.7769,74.614634146,1,1986
USA,United States,1990.545,74.765853659,1,1987
USA,United States,2210.6963,74.765853659,1,1988
USA,United States,2440.0611,75.017073171,1,1989
USA,United States,2700.3541,75.214634146,1,1990
USA,United States,2915.9548,75.365853659,1,1991
USA,United States,3113.8468,75.617073171,1,1992
USA,United States,3299.9756,75.419512195,1,1993
USA,United States,3441.9579,75.619512195,1,1994
USA,United States,3598.3956,75.621951220,1,1995
USA,United States,3747.6148,76.026829268,1,1996
USA,United States,3906.5102,76.429268293,1,1997
USA,United States,4084.8368,76.580487805,1,1998
USA,United States,4291.5721,76.582926829,1,1999
USA,United States,4558.9524,76.636585366,1,2000
USA,United States,4910.6156,76.836585366,1,2001
USA,United States,5327.8052,76.936585366,1,2002
USA,United States,5737.4608,77.036585366,1,2003
USA,United States,6096.5355,77.487804878,1,2004
USA,United States,6445.7053,77.487804878,1,2005
USA,United States,6809.4762,77.687804878,1,2006
USA,United States,7163.1718,77.987804878,1,2007
USA,United States,7414.0435,78.039024390,1,2008
USA,United States,7684.7611,78.390243902,1,2009
USA,United States,7929.372,78.541463415,1,2010
USA,United States,8171.0784,78.641463415,1,2011
USA,United States,8422.99,78.741463415,1,2012
USA,United States,8617.4287,78.841463415,1,2013
USA,United States,9024.2064,78.941463415,1,2014
